"numero","id_bling","dataVenda","dataPedido","custo","totalVenda","taxaLoja","CMV"
"42934","21407315513","2024-10-24","2024-11-01","824.90","1192","0","17.3"
"43299","21458895895","2024-11-01","2024-11-01","105.08","178.89","11.49","58.73"
"43300","21459215444","2024-11-01","2024-11-01","25.08","47.99","28.33","52.26"
"43301","21459745284","2024-11-01","2024-11-01","21.81","39.99","30","54.53"
"43303","21460147143","2024-11-01","2024-11-01","19.56","37.15","30.75","52.63"
"43304","21460199879","2024-11-01","2024-11-01","113.66","223.97","11.5","50.74"
"43305","21460372737","2024-11-01","2024-11-01","103.00","195.69","16.49","52.63"
"43306","21460437129","2024-11-01","2024-11-01","17.75","34.79","31.5","51.02"
"43307","21460897581","2024-11-01","2024-11-01","128.98","194.89","11.49","66.17"
"43308","21461001463","2024-11-01","2024-11-01","37.99","65","0","58.44"
"43310","21461095689","2024-11-01","2024-11-01","113.66","218","23.66","52.13"
"43309","21461095581","2024-11-01","2024-11-01","310.00","447","13","69.35"
"43311","21461171993","2024-11-01","2024-11-01","100.08","169","12.99","59.21"
"43312","21461359045","2024-11-01","2024-11-01","21.67","156","0","55.56"
"43313","21461450376","2024-11-01","2024-11-01","100.08","169","12.99","59.21"
"43314","21461558892","2024-11-01","2024-11-01","37.31","83","0","14.98"
"43318","21462014742","2024-11-01","2024-11-01","20.39","39.93","30","51.05"
"43320","21462137911","2024-11-01","2024-11-01","41.31","132.22","26.05","62.48"
"43321","21462634962","2024-11-01","2024-11-01","3.29","13","0","6.32"
"43322","21462875314","2024-11-01","2024-11-01","35.10","59.49","26.71","59"
"43324","21463353718","2024-11-01","2024-11-01","10.29","116","0","31.37"
"43323","21463320500","2024-11-01","2024-11-01","21.81","39.99","30","54.53"
"43325","21463465871","2024-11-01","2024-11-01","100.08","169","12.99","59.21"
"43326","21463761054","2024-11-01","2024-11-01","16.00","36","0","44.44"
"43328","21463911757","2024-11-01","2024-11-01","100.08","169","12.99","59.21"
"43327","21463906870","2024-11-01","2024-11-01","21.84","132","0","8.62"
"43329","21463934161","2024-11-01","2024-11-01","34.27","49.99","25","68.55"
"43330","21463965977","2024-11-01","2024-11-01","9.17","18.89","0","48.51"
"43331","21464083004","2024-11-01","2024-11-01","40.40","241.03","0","50.28"
"43332","21464145076","2024-11-01","2024-11-01","3.80","12","0","31.66"
"43335","21464296018","2024-11-01","2024-11-01","118.30","374","15.54","63.26"
"43334","21464286566","2024-11-01","2024-11-01","22.22","38","0","58.47"
"43336","21464320746","2024-11-01","2024-11-01","17.77","38","0","46.76"
"43337","21464450165","2024-11-01","2024-11-01","47.16","140","0","33.68"
"43338","21464532275","2024-11-01","2024-11-01","21.81","39.99","30","54.53"
"43339","21464561476","2024-11-01","2024-11-01","112.52","203.89","13","55.18"
"43341","21464667328","2024-11-01","2024-11-01","94.40","189","11.5","49.94"
"43340","21464666555","2024-11-01","2024-11-01","5.00","5","0","100"
"43342","21464935764","2024-11-01","2024-11-01","35.87","80","0","22.41"
"43343","21465023610","2024-11-01","2024-11-01","29.09","46.9","28.52","62.02"
"43344","21465132309","2024-11-01","2024-11-01","20.28","54","0","37.55"
"43345","21465456823","2024-11-01","2024-11-01","98.60","169","11.5","58.34"
"43346","21465621827","2024-11-01","2024-11-01","310.00","447","13","69.35"
"43347","21465687179","2024-11-01","2024-11-01","108.74","182.89","11.49","59.45"
"43348","21465841052","2024-11-01","2024-11-01","19.41","37","30.81","52.45"
"43349","21465995451","2024-11-01","2024-11-01","15.25","29.94","33.36","50.93"
"43350","21466077041","2024-11-01","2024-11-01","310.00","479","20.83","64.71"
"43351","21466331562","2024-11-01","2024-11-01","21.81","39.99","30","54.53"
"43353","21466382105","2024-11-02","2024-11-02","21.81",NULL,"30","60.31"
"43354","21466911282","2024-11-02","2024-11-02","32.60",NULL,"26.93","56.78"
"43355","21467053107","2024-11-02","2024-11-02","25.08",NULL,"28.33","52.26"
"43357","21467129709","2024-11-02","2024-11-02","94.40",NULL,"11.5","49.94"
"43359","21467247655","2024-11-02","2024-11-02","21.81",NULL,"30","54.53"
"43360","21467367791","2024-11-02","2024-11-02","17.83",NULL,"32.3","65.47"
"43361","21467438430","2024-11-02","2024-11-02","5.60",NULL,"38.93","26.52"
"43362","21467465328","2024-11-02","2024-11-02","81.90",NULL,NULL,"51.5"
"43363","21467572219","2024-11-02","2024-11-02","115.04",NULL,"24.37","62.89"
"43364","21467666676","2024-11-02","2024-11-02","21.81",NULL,"30","54.53"
"43365","21467754779","2024-11-02","2024-11-02","19.17",NULL,NULL,"47.92"
"43367","21467838757","2024-11-02","2024-11-02","65.20",NULL,"23.87","63.78"
"43366","21467823188","2024-11-02","2024-11-02","92.10",NULL,"22.87","66.12"
"43368","21467912249","2024-11-02","2024-11-02","81.66",NULL,NULL,"55.55"
"43370","21467976293","2024-11-02","2024-11-02","65.20",NULL,"23.87","63.28"
"43369","21467974297","2024-11-02","2024-11-02","255.56","219.83","18","58.12"
"43371","21468170100","2024-11-02","2024-11-02","25.20",NULL,"29.22","58.07"
"43373","21468347854","2024-11-02","2024-11-02","310.00",NULL,"17.99","64.72"
"43374","21468635132","2024-11-02","2024-11-02","105.08",NULL,"11.49","58.73"
"43375","21468756037","2024-11-02","2024-11-02","25.20",NULL,"27.11","59.32"
"43376","21468786547","2024-11-02","2024-11-02","94.40",NULL,"11.5","49.94"
"43377","21469008162","2024-11-02","2024-11-02","84.43",NULL,"22.96","62.49"
"43380","21469105371","2024-11-02","2024-11-02","12.00",NULL,"33.37","40.13"
"43379","21469104763","2024-11-02","2024-11-02","12.19",NULL,"36.01","49.37"
"43382","21469324544","2024-11-02","2024-11-02","94.16",NULL,"12.99","55.71"
"43383","21469346085","2024-11-02","2024-11-02","109.95",NULL,"22.36","65.05"
"43384","21469382875","2024-11-02","2024-11-02","19.90",NULL,"30.81","53.79"
"43385","21469404569","2024-11-02","2024-11-02","84.43",NULL,"11.49","60.74"
"43386","21469496882","2024-11-02","2024-11-02","310.00",NULL,"13","69.35"
"43387","21469512339","2024-11-02","2024-11-02","91.58",NULL,"12.99","58.33"
"43389","21469548079","2024-11-02","2024-11-02","6.95",NULL,"40.02","34.76"
"43391","21469593435","2024-11-02","2024-11-02","44.00",NULL,"20.41","65.42"
"43393","21469678688","2024-11-02","2024-11-02","6.95",NULL,"40.02","34.76"
"43394","21469802959","2024-11-02","2024-11-02","51.94",NULL,"20.73","67.02"
"43395","21469835877","2024-11-02","2024-11-02","6.95",NULL,"40.02","34.76"
"43396","21469847217","2024-11-02","2024-11-02","94.16",NULL,"12.99","58.12"
"43397","21470242480","2024-11-03","2024-11-03","40.40",NULL,"26.16","62.24"
"43398","21470446458","2024-11-03","2024-11-03","173.02","237.58","25.05","36.41"
"43399","21470464896","2024-11-03","2024-11-03","129.80",NULL,"23.66","59.54"
"43400","21470532439","2024-11-03","2024-11-03","17.99",NULL,"17.99","56.59"
"43402","21470781501","2024-11-03","2024-11-03","19.90",NULL,"30.81","53.79"
"43403","21471052803","2024-11-03","2024-11-03","310.00",NULL,"13","69.35"
"43404","21471075261","2024-11-03","2024-11-03","91.58",NULL,"12.99","58.33"
"43406","21471104682","2024-11-03","2024-11-03","91.58",NULL,"12.99","58.33"
"43407","21471165385","2024-11-03","2024-11-03","172.26",NULL,"22.93","63.14"
"43408","21471304914","2024-11-03","2024-11-03","129.80",NULL,"23.66","59.54"
"43409","21471308656","2024-11-03","2024-11-03","9.11",NULL,"40.07","45.68"
"43411","21471427332","2024-11-03","2024-11-03","14.23",NULL,"34.33","51"
"43412","21471466788","2024-11-03","2024-11-03","21.81",NULL,"30","54.53"
"43413","21471651907","2024-11-03","2024-11-03","81.85",NULL,"23.07","63.01"
"43415","21471875791","2024-11-03","2024-11-03","94.40",NULL,"12.75","49.94"
"43418","21472189243","2024-11-03","2024-11-03","78.47",NULL,"23.22","63.28"
"43417","21472176518","2024-11-03","2024-11-03","310.00",NULL,"17.99","59.16"
"43419","21472302719","2024-11-03","2024-11-03","53.25","91.98","18","19.29"
"43420","21472346900","2024-11-03","2024-11-03","94.16",NULL,"12.99","58.12"
"43421","21472749077","2024-11-03","2024-11-03","94.16",NULL,"12.99","58.12"
"43422","21472787599","2024-11-03","2024-11-03","91.58",NULL,"12.99","58.33"
"43423","21472955241","2024-11-03","2024-11-03","45.45",NULL,"25.38","61"
"43424","21473056972","2024-11-03","2024-11-03","91.58",NULL,"11.15","58.33"
"43425","21473117814","2024-11-03","2024-11-03","29.09",NULL,"28.52","62.02"
"43426","21473293188","2024-11-03","2024-11-03","91.58",NULL,"12.99","58.33"
"43428","21473407945","2024-11-03","2024-11-03","91.58",NULL,"12.99","58.33"
"43429","21473451288","2024-11-03","2024-11-03","21.81",NULL,"30","54.53"
"43430","21473563563","2024-11-03","2024-11-03","5.60",NULL,"38.93","26.52"
"43431","21473943188","2024-11-03","2024-11-03","31.01",NULL,"16.49","38.81"
"43433","21474233197","2024-11-03","2024-11-03","12.00",NULL,"33.37","40.13"
"43434","21474295379","2024-11-03","2024-11-03","172.26",NULL,"17.99","47.77"
"43437","21474545491","2024-11-03","2024-11-03","91.58",NULL,"12.99","58.33"
"43438","21474610531","2024-11-04","2024-11-04","113.66",NULL,"16.49","47.38"
"43436","21474537697","2024-11-04","2024-11-04","9.11",NULL,"40.07","45.68"
"43435","21474480916","2024-11-04","2024-11-04","85.26",NULL,"23.07","65.58"
"43439","21474689901","2024-11-04","2024-11-04","6.95",NULL,"40.02","34.76"
"43440","21475985079","2024-11-04","2024-11-04","91.58",NULL,"12.99","58.33"
"43441","21477847220","2024-11-04","2024-11-04","17.75",NULL,"31.5","51.02"
"43442","21478192177","2024-11-04","2024-11-04","19.90",NULL,"30.81","53.79"
"43443","21478612519","2024-11-04","2024-11-04","32.60",NULL,"26.93","56.54"
"43445","21478834198","2024-11-04","2024-11-04","28.04",NULL,"28.89","62.32"
"43448","21478861592","2024-11-04","2024-11-04","92.34",NULL,"22.85","66"
"43449","21478976616","2024-11-04","2024-11-04","2.52","9.5","0","8.84"
"43453","21479124827","2024-11-04","2024-11-04","100.08",NULL,"12.99","59.21"
"43452","21479120512","2024-11-04","2024-11-04","100.08",NULL,"12.99","59.21"
"43451","21479120473","2024-11-04","2024-11-04","100.08",NULL,"12.99","59.21"
"43455","21479468837","2024-11-04","2024-11-04","37.18","98","0","18.96"
"43456","21479993886","2024-11-04","2024-11-04","172.26",NULL,"22.93","63.14"
"43457","21480119528","2024-11-04","2024-11-04","21.81",NULL,"30","54.53"
"43458","21480209638","2024-11-04","2024-11-04","129.80",NULL,"16.49","54.11"
"43459","21480372511","2024-11-04","2024-11-04","172.26",NULL,"22.93","63.14"
"43460","21480459535","2024-11-04","2024-11-04","44.00",NULL,"20.29","64.51"
"43462","21480682087","2024-11-04","2024-11-04","129.80",NULL,"16.49","54.11"
"43461","21480677082","2024-11-04","2024-11-04","91.58",NULL,"12.99","58.33"
"43463","21480959767","2024-11-04","2024-11-04","18.71","50","0","12.47"
"43464","21481011619","2024-11-04","2024-11-04","16.24",NULL,NULL,"45.11"
"43465","21481096085","2024-11-04","2024-11-04","91.58",NULL,"12.99","58.33"
"43467","21481943381","2024-11-04","2024-11-04","21.81",NULL,"30","54.53"
"43466","21481942023","2024-11-04","2024-11-04","282.27",NULL,"21.05","77.35"
"43468","21481953704","2024-11-04","2024-11-04","21.81",NULL,"30","54.53"
"43469","21482025639","2024-11-04","2024-11-04","17.75",NULL,"31.5","51.02"
"43470","21482191517","2024-11-04","2024-11-04","25.20",NULL,"31.15","55.25"
"43471","21482372201","2024-11-04","2024-11-04","112.80",NULL,"22.17","61.63"
"43472","21482729979","2024-11-04","2024-11-04","14.11","62","0","7.57"
"43473","21483020091","2024-11-04","2024-11-04","25.27",NULL,"28.9","56.28"
"43474","21483172608","2024-11-04","2024-11-04","72.54",NULL,"11.49","76.81"
"43475","21483382506","2024-11-04","2024-11-04","5.60",NULL,"38.93","26.52"
"43476","21483502978","2024-11-04","2024-11-04","20.39",NULL,"30","50.98"
"43477","21483552514","2024-11-04","2024-11-04","94.39",NULL,"13.03","57.24"
"43478","21483900885","2024-11-04","2024-11-04","84.43",NULL,"22.96","62.49"
"43479","21483955613","2024-11-04","2024-11-04","86.24",NULL,"23","64.89"
"43480","21484164589","2024-11-04","2024-11-04","21.81",NULL,"30","54.53"
"43481","21484261116","2024-11-04","2024-11-04","27.20",NULL,"24","56.67"
"43482","21484280340","2024-11-04","2024-11-04","9.11",NULL,"40.07","45.68"
"43483","21484372374","2024-11-04","2024-11-04","84.43",NULL,"11.49","60.74"
"43485","21484481355","2024-11-04","2024-11-04","48.36",NULL,"24.71","56.96"
"43487","21484596907","2024-11-04","2024-11-04","21.81",NULL,"30","54.53"
"43488","21485165563","2024-11-05","2024-11-05","14.23",NULL,"34.33","51"
"43489","21485311270","2024-11-05","2024-11-05","84.43",NULL,"11.49","60.74"
"43490","21485353062","2024-11-05","2024-11-05","10.31",NULL,"38.28","47.16"
"43491","21486648132","2024-11-05","2024-11-05","100.08",NULL,"12.99","61.77"
"43492","21486924294","2024-11-05","2024-11-05","1.00",NULL,NULL,"20"
"43493","21487001780","2024-11-05","2024-11-05","310.00",NULL,"17.99","54.97"
"43494","21487022309","2024-11-05","2024-11-05","5.60",NULL,"41.07","29.48"
"43496","21487768647","2024-11-05","2024-11-05","86.24",NULL,"22.81","60.6"
"43497","21488185669","2024-11-05","2024-11-05","22.26",NULL,NULL,"48.39"
"43498","21488243013","2024-11-05","2024-11-05","81.28",NULL,"13","56.99"
"43499","21488342449","2024-11-05","2024-11-05","310.00",NULL,"13","69.35"
"43500","21488851749","2024-11-05","2024-11-05","17.75",NULL,"31.5","51.02"
"43501","21488941051","2024-11-05","2024-11-05","20.29",NULL,"30.02","50.97"
"43503","21489065137","2024-11-05","2024-11-05","84.43",NULL,"22.96","62.49"
"43502","21489031088","2024-11-05","2024-11-05","21.81",NULL,"30","54.53"
"43504","21489205296","2024-11-05","2024-11-05","100.08",NULL,"12.99","61.77"
"43506","21489382674","2024-11-05","2024-11-05","21.81",NULL,"30","54.53"
"43505","21489350368","2024-11-05","2024-11-05","21.81",NULL,"30","54.53"
"43507","21489398925","2024-11-05","2024-11-05","129.80",NULL,"23.54","57.48"
"43508","21489441641","2024-11-05","2024-11-05","7.91",NULL,"41.62","42.75"
"43510","21489677778","2024-11-05","2024-11-05","310.00",NULL,"17.99","65.4"
"43509","21489663108","2024-11-05","2024-11-05","20.39",NULL,"30","50.98"
"43511","21489886089","2024-11-05","2024-11-05","103.00",NULL,"16.49","52.63"
"43512","21490037878","2024-11-05","2024-11-05","84.43",NULL,"11.49","60.74"
"43513","21490564319","2024-11-05","2024-11-05","52.90",NULL,"18","54.3"
"43514","21490815640","2024-11-05","2024-11-05","25.20",NULL,"29.22","58.07"
"43515","21490921351","2024-11-05","2024-11-05","12.19",NULL,"36.01","48.77"
"43517","21491039512","2024-11-05","2024-11-05","52.90",NULL,"19.2","67.9"
"43518","21491046701","2024-11-05","2024-11-05","9.11",NULL,"40.07","45.68"
"43520","21491129884","2024-11-05","2024-11-05","22.03",NULL,"28.51","46.92"
"43519","21491109393","2024-11-05","2024-11-05","21.81",NULL,"30","54.53"
"43521","21491142425","2024-11-05","2024-11-05","16.00",NULL,NULL,"44.44"
"43522","21491740161","2024-11-05","2024-11-05","11.22",NULL,NULL,"38.68"
"43523","21492012801","2024-11-05","2024-11-05","14.23",NULL,"34.33","51.02"
"43524","21492282709","2024-11-05","2024-11-05","110.01",NULL,"11.49","56.41"
"43526","21492654387","2024-11-05","2024-11-05","17.75",NULL,"29.38","52.9"
"43527","21492713604","2024-11-05","2024-11-05","20.29",NULL,"27.29","53.4"
"43528","21492727601","2024-11-05","2024-11-05","25.08",NULL,"28.33","52.26"
"43529","21493038727","2024-11-05","2024-11-05","94.39",NULL,"22.66","62.96"
"43530","21493146421","2024-11-05","2024-11-05","310.00",NULL,"13","69.35"
"43531","21493231972","2024-11-05","2024-11-05","129.80",NULL,"23.54","57.48"
"43532","21493298704","2024-11-05","2024-11-05","328.16",NULL,"16.99","59.02"
"43533","21493627741","2024-11-05","2024-11-05","65.20",NULL,"23.87","63.28"
"43534","21493801667","2024-11-05","2024-11-05","129.80",NULL,"23.54","57.48"
"43538","21494124566","2024-11-06","2024-11-06","37.05",NULL,"18","45.85"
"43537","21494065435","2024-11-06","2024-11-06","31.01",NULL,"28","62.03"
"43536","21494043288","2024-11-06","2024-11-06","10.49",NULL,"37.82","46.62"
"43539","21494405132","2024-11-06","2024-11-06","63.70",NULL,"23.5","55.87"
"43541","21496235959","2024-11-06","2024-11-06","363.37","1040","0","11.64"
"43540","21496208506","2024-11-06","2024-11-06","10.49",NULL,"37.82","46.62"
"43542","21496614005","2024-11-06","2024-11-06","14.23",NULL,"34.33","51"
"43544","21497021340","2024-11-06","2024-11-06","133.01",NULL,"11.5","63.36"
"43545","21497128392","2024-11-06","2024-11-06","310.00",NULL,"13","69.35"
"43546","21497398750","2024-11-06","2024-11-06","21.81",NULL,"30","54.53"
"43547","21497597444","2024-11-06","2024-11-06","5.60",NULL,"41.52","28.01"
"43548","21497805863","2024-11-06","2024-11-06","342.08",NULL,"16","61.41"
"43550","21498245975","2024-11-06","2024-11-06","17.75",NULL,"31.5","51.02"
"43551","21498466157","2024-11-06","2024-11-06","100.08",NULL,"22.4","60.47"
"43552","21498764201","2024-11-06","2024-11-06","20.39",NULL,"30","50.98"
"43553","21498838644","2024-11-06","2024-11-06","21.81",NULL,"30","54.53"
"43555","21498957290","2024-11-06","2024-11-06","20.39",NULL,"30","50.98"
"43554","21498921027","2024-11-06","2024-11-06","100.08",NULL,"12.99","59.21"
"43556","21499270871","2024-11-06","2024-11-06","29.09",NULL,"28","58.19"
"43557","21499415781","2024-11-06","2024-11-06","462.30",NULL,NULL,"51.36"
"43558","21499424782","2024-11-06","2024-11-06","164.08",NULL,"22.93","60.14"
"43559","21499515063","2024-11-06","2024-11-06","13.84","39","0","17.74"
"43560","21499847791","2024-11-06","2024-11-06","29.09",NULL,"28","58.19"
"43561","21500020314","2024-11-06","2024-11-06","4.32",NULL,NULL,"24"
"43562","21500242919","2024-11-06","2024-11-06","77.50",NULL,"23.12","60.59"
"43564","21500319550","2024-11-06","2024-11-06","11.70",NULL,NULL,"48.74"
"43563","21500309391","2024-11-06","2024-11-06","129.80",NULL,"23.54","57.48"
"43565","21500469704","2024-11-06","2024-11-06","12.69","33","0","9.61"
"43566","21500613842","2024-11-06","2024-11-06","117.08",NULL,"22.23","65.4"
"43567","21500955811","2024-11-06","2024-11-06","14.23",NULL,"34.33","53.05"
"43570","21501052570","2024-11-06","2024-11-06","51.94",NULL,"20.73","67.02"
"43569","21501045775","2024-11-06","2024-11-06","17.75",NULL,"31.5","51.02"
"43568","21501034140","2024-11-06","2024-11-06","100.08",NULL,"12.99","59.21"
"43571","21501155802","2024-11-06","2024-11-06","102.87",NULL,"12.99","59.63"
"43572","21501214491","2024-11-06","2024-11-06","9.11",NULL,"40.04","45.68"
"43573","21501412990","2024-11-06","2024-11-06","19.90",NULL,"30.81","53.79"
"43574","21501502921","2024-11-06","2024-11-06","42.83","85.34","25.56","25.09"
"43576","21501554887","2024-11-06","2024-11-06","95.61",NULL,"22.67","63.83"
"43577","21501687817","2024-11-06","2024-11-06","21.81",NULL,"30","54.53"
"43579","21501785175","2024-11-06","2024-11-06","200.81",NULL,"12.99","58.71"
"43581","21501892445","2024-11-06","2024-11-06","14.23",NULL,"34.33","51"
"43582","21502038599","2024-11-06","2024-11-06","253.14",NULL,"23.03","63.97"
"43584","21502158399","2024-11-06","2024-11-06","72.54",NULL,"11.49","50.22"
"43583","21502151132","2024-11-06","2024-11-06","20.39",NULL,"25.13","46.34"
"43585","21502812431","2024-11-06","2024-11-06","26.17",NULL,"26.63","59.46"
"43588","21503083825","2024-11-07","2024-11-07","17.75",NULL,"31.5","51.02"
"43586","21502959020","2024-11-07","2024-11-07","20.29",NULL,"30.02","50.85"
"43589","21503774967","2024-11-07","2024-11-07","65.20",NULL,"23.87","63.28"
"43590","21504017102","2024-11-07","2024-11-07","84.43",NULL,"22.96","62.49"
"43591","21504643322","2024-11-07","2024-11-07","238.50",NULL,"23.36","66.8"
"43592","21504711004","2024-11-07","2024-11-07","17.75",NULL,"31.5","51.02"
"43593","21505291421","2024-11-07","2024-11-07",NULL,NULL,NULL,NULL
"43594","21506017287","2024-11-07","2024-11-07","12.75",NULL,NULL,"39.84"
"43596","21506841853","2024-11-07","2024-11-07","86.24",NULL,"23","64.89"
"43598","21508223767","2024-11-07","2024-11-07","40.88",NULL,"25.94","60.56"
"43599","21508276313","2024-11-07","2024-11-07","129.80",NULL,"23.54","57.48"
"43600","21508362512","2024-11-07","2024-11-07","95.66",NULL,"22.68","64.36"
"43601","21509296173","2024-11-07","2024-11-07","52.90",NULL,"25.06","76.77"
"43602","21509607279","2024-11-07","2024-11-07","294.09","420","0","35.01"
"43603","21509793358","2024-11-07","2024-11-07","33.39",NULL,"17.99","55.15"
"43604","21510121801","2024-11-07","2024-11-07","84.43",NULL,"22.96","62.54"
"43606","21510264269","2024-11-07","2024-11-07","12.68","37","0","17.13"
"43607","21510482246","2024-11-07","2024-11-07","290.46",NULL,"10.99","69.19"
"43608","21510568950","2024-11-07","2024-11-07","27.22",NULL,"28.59","58.48"
"43609","21510691387","2024-11-07","2024-11-07","84.43",NULL,"11.49","60.74"
"43610","21510713389","2024-11-07","2024-11-07","4.32",NULL,"49.85","32.23"
"43611","21510749313","2024-11-07","2024-11-07","32.60",NULL,"26.93","57.31"
"43613","21510828852","2024-11-07","2024-11-07","17.75",NULL,"31.5","51.02"
"43614","21510974584","2024-11-07","2024-11-07","19.90",NULL,"30.81","53.79"
"43615","21511069753","2024-11-07","2024-11-07","19.90",NULL,"30.81","53.79"
"43617","21511366418","2024-11-07","2024-11-07","17.75",NULL,"31.5","51.02"
"43618","21511380748","2024-11-07","2024-11-07","400.00",NULL,"12.99","63.59"
"43621","21511643068","2024-11-07","2024-11-07","27.20",NULL,"18","34.81"
"43622","21511682810","2024-11-07","2024-11-07","84.43",NULL,"11.49","60.74"
"43623","21511744961","2024-11-07","2024-11-07","32.60",NULL,"26.93","56.49"
"43624","21511765130","2024-11-07","2024-11-07","45.46",NULL,"20.2","65.88"
"43625","21511857078","2024-11-07","2024-11-07","129.80",NULL,"23.54","57.48"
"43626","21511948960","2024-11-07","2024-11-07","21.81",NULL,"30","54.53"
"43628","21512064116","2024-11-07","2024-11-07","42.97",NULL,"21.05","57.7"
"43629","21512202144","2024-11-08","2024-11-08","77.75","129.89","23.07","59.85"
"43634","21513386215","2024-11-08","2024-11-08","5.60","21.11","38.93","26.52"
"43633","21513348532","2024-11-08","2024-11-08","37.55","69.9","25.72","53.71"
"43635","21514421049","2024-11-08","2024-11-08","17.75","34.79","31.5","51.02"
"43637","21514538955","2024-11-08","2024-11-08","43.84","66","20.59","66.42"
"43636","21514520577","2024-11-08","2024-11-08","234.04","376.73","16.49","62.12"
"43639","21514692168","2024-11-08","2024-11-08","1.05","5","0","20.99"
"43640","21515875697","2024-11-08","2024-11-08","110.01","194.99","11.49","56.41"
"43641","21516067027","2024-11-08","2024-11-08","30.00","90","0","33.33"
"43643","21516298309","2024-11-08","2024-11-08","6.95",NULL,"40.02","34.76"
"43646","21516602168","2024-11-08","2024-11-08","12.19","32","0","38.09"
"43647","21516611782","2024-11-08","2024-11-08","64.04",NULL,"23.99","63.85"
"43648","21516664776","2024-11-08","2024-11-08","105.16",NULL,"22.51","66.13"
"43649","21516764991","2024-11-08","2024-11-08","30.88","65","0","15.83"
"43650","21517253074","2024-11-08","2024-11-08","9.11",NULL,"40.07","45.68"
"43651","21517335823","2024-11-08","2024-11-08","0.92","5","0","18.4"
"43652","21517456997","2024-11-08","2024-11-08","44.83",NULL,"25.06","56.81"
"43654","21517597498","2024-11-08","2024-11-08","98.60",NULL,"11.5","58.34"
"43653","21517596067","2024-11-08","2024-11-08","112.80",NULL,"22.17","61.3"
"43656","21517646104","2024-11-08","2024-11-08","5.60",NULL,"38.93","26.52"
"43655","21517623746","2024-11-08","2024-11-08","14.23",NULL,"34.33","51"
"43657","21517957131","2024-11-08","2024-11-08","34.87","220","0","7.92"
"43658","21518011763","2024-11-08","2024-11-08","21.81",NULL,"30","54.53"
"43659","21518143398","2024-11-08","2024-11-08","110.01",NULL,"13.81","56.41"
"43661","21518270869","2024-11-08","2024-11-08","33.29","69","0","48.24"
"43662","21518289514","2024-11-08","2024-11-08","5.00","70","0","7.14"
"43663","21518355063","2024-11-08","2024-11-08","1.41",NULL,NULL,"28.19"
"43664","21518380201","2024-11-08","2024-11-08","21.81",NULL,"30","54.62"
"43665","21518569435","2024-11-08","2024-11-08","8.87","18","0","49.27"
"43666","21518776531","2024-11-08","2024-11-08","32.17","64","0","50.26"
"43667","21518809307","2024-11-08","2024-11-08","65.20",NULL,"23.87","63.28"
"43668","21518848679","2024-11-08","2024-11-08","21.81",NULL,"30","58.05"
"43669","21519171489","2024-11-08","2024-11-08","113.66",NULL,"23.54","50.33"
"43670","21519311895","2024-11-08","2024-11-08","21.81",NULL,"30","54.53"
"43671","21519446273","2024-11-08","2024-11-08","14.23",NULL,"18","30.27"
"43672","21519720671","2024-11-08","2024-11-08","21.81",NULL,"30","54.53"
"43673","21519858316","2024-11-08","2024-11-08","105.16",NULL,"22.51","66.13"
"43674","21520123867","2024-11-08","2024-11-08","6.95",NULL,"40.02","34.76"
"43676","21520328277","2024-11-08","2024-11-08","6.95",NULL,"36.63","28.89"
"43678","21520447868","2024-11-09","2024-11-09","25.08",NULL,"28.33","52.26"
"43679","21520886034","2024-11-09","2024-11-09","14.23",NULL,"34.33","51"
"43680","21521197522","2024-11-09","2024-11-09","5.60",NULL,"41.07","29.48"
"43681","21521435624","2024-11-09","2024-11-09","8.94",NULL,"38.19","40.65"
"43682","21521934739","2024-11-09","2024-11-09","30.52",NULL,NULL,"50.86"
"43683","21522080985","2024-11-09","2024-11-09","6.17",NULL,NULL,"44.07"
"43684","21522150154","2024-11-09","2024-11-09","4.33",NULL,NULL,"58.51"
"43685","21522151166","2024-11-09","2024-11-09","84.43",NULL,"11.49","60.74"
"43686","21522435841","2024-11-09","2024-11-09","0.59",NULL,NULL,"23.59"
"43688","21522528512","2024-11-09","2024-11-09","17.00",NULL,NULL,"47.22"
"43687","21522492930","2024-11-09","2024-11-09","21.81",NULL,"30","54.53"
"43689","21522557993","2024-11-09","2024-11-09","2.11",NULL,NULL,"26.37"
"43690","21522591687","2024-11-09","2024-11-09","2.41","10","0","12.04"
"43692","21522939337","2024-11-09","2024-11-09","25.08",NULL,"28.33","52.26"
"43693","21523139452","2024-11-09","2024-11-09","10.99",NULL,NULL,"55.22"
"43695","21523160213","2024-11-09","2024-11-09","14.23",NULL,"34.33","51"
"43694","21523155593","2024-11-09","2024-11-09","14.23",NULL,"34.33","51.09"
"43696","21523262069","2024-11-09","2024-11-09","113.66",NULL,"23.54","50.33"
"43697","21523452404","2024-11-09","2024-11-09","29.75",NULL,"27.93","59.02"
"43698","21523964971","2024-11-09","2024-11-09","65.20",NULL,"23.87","63.28"
"43699","21524081598","2024-11-09","2024-11-09","84.43",NULL,"22.96","62.49"
"43700","21524442508","2024-11-09","2024-11-09","100.08",NULL,"12.99","59.21"
"43701","21524565141","2024-11-09","2024-11-09","268.98",NULL,"20.88","59.78"
"43702","21524602767","2024-11-09","2024-11-09","31.01",NULL,"24","64.68"
"43703","21524703047","2024-11-09","2024-11-09","84.43",NULL,"17.99","53.19"
"43704","21524875685","2024-11-09","2024-11-09","112.80","183.16","22.17","61.58"
"43705","21524994913","2024-11-09","2024-11-09","31.01","47.93","24","64.68"
"43706","21525033525","2024-11-09","2024-11-09","14.23","27.89","34.33","51"
"43707","21525152359","2024-11-09","2024-11-09","492.24","746","11.99","65.98"
"43709","21525383454","2024-11-10","2024-11-10","29.09","49.99","28","58.19"
"43710","21525452586","2024-11-10","2024-11-10","3.13","11.06","67.2","28.27"
"43711","21525787177","2024-11-10","2024-11-10","5.37","15.59","49.96","34.44"
"43712","21525812996","2024-11-10","2024-11-10","20.39","39.99","30","50.98"
"43713","21525822926","2024-11-10","2024-11-10","84.43","139","11.49","60.74"
"43714","21526199689","2024-11-10","2024-11-10","175.63","269.7","11.5","65.12"
"43715","21526319501","2024-11-10","2024-11-10","98.60","169","11.5","58.34"
"43717","21526571376","2024-11-10","2024-11-10","10.91","24","36.66","45.45"
"43718","21526793417","2024-11-10","2024-11-10","20.39","39.99","30","50.98"
"43719","21526896357","2024-11-10","2024-11-10","12.00","34","29.14","35.29"
"43720","21527035873","2024-11-10","2024-11-10","20.39","39.99","30","50.98"
"43721","21527127748","2024-11-10","2024-11-10","133.32","238","11.49","56.01"
"43723","21527245607","2024-11-10","2024-11-10","20.39","39.99","30","50.98"
"43724","21527335522","2024-11-10","2024-11-10","84.43","139","11.49","60.74"
"43725","21527370171","2024-11-10","2024-11-10","86.24","132.89","23","64.89"
"43726","21527569434","2024-11-10","2024-11-10","48.36","84.36","24.71","57.32"
"43727","21527732295","2024-11-10","2024-11-10","64.04","100.29","23.99","63.85"
"43728","21528149860","2024-11-10","2024-11-10","6.95","24.04","36.63","28.89"
"43729","21528408784","2024-11-10","2024-11-10","84.43","139","11.49","60.74"
"43730","21528482160","2024-11-10","2024-11-10","912.79","1299","10.99","70.26"
"43731","21528745261","2024-11-10","2024-11-10","27.20","47.99","24","56.67"
"43732","21529106898","2024-11-10","2024-11-10","14.23","27.89","34.33","51"
"43733","21529256432","2024-11-10","2024-11-10","5.37","15.59","49.96","34.44"
"43734","21529452360","2024-11-10","2024-11-10","118.30","187","12.99","63.26"
"43738","21529930060","2024-11-11","2024-11-11","6.95","19.98","40.02","34.76"
"43737","21529766761","2024-11-11","2024-11-11","133.01","172.58","21.91","77.07"
"43736","21529744475","2024-11-11","2024-11-11","25.20","35.63","29.22","70.72"
"43735","21529689217","2024-11-11","2024-11-11","25.08","47.99","28.33","52.26"
"43739","21530417702","2024-11-11","2024-11-11","9.11","19.56","40.07","46.55"
"43740","21530769978","2024-11-11","2024-11-11","84.43","135.08","22.96","62.49"
"43741","21530828849","2024-11-11","2024-11-11","41.28","69.9","25.72","59.05"
"43742","21530975796","2024-11-11","2024-11-11","95.61","149.77","22.66","63.83"
"43745","21531784635","2024-11-11","2024-11-11","27.20","47.99","24","56.67"
"43746","21532342822","2024-11-11","2024-11-11","9.11","19.94","40.07","45.68"
"43747","21532569708","2024-11-11","2024-11-11","85.26","130","23.07","65.58"
"43748","21532996886","2024-11-11","2024-11-11","95.66","148.63","22.68","64.36"
"43750","21533055354","2024-11-11","2024-11-11","65.20","103.01","23.87","63.28"
"43749","21533050936","2024-11-11","2024-11-11","10.67","22.98","37.4","46.41"
"43754","21534145542","2024-11-11","2024-11-11","85.26","142.6","18","59.78"
"43755","21535121294","2024-11-11","2024-11-11","67.00","130","0","51.53"
"43756","21536070951","2024-11-11","2024-11-11","37.28","90","0","13.8"
"43759","21536677905","2024-11-11","2024-11-11","98.60","169","11.5","58.34"
"43757","21536662939","2024-11-11","2024-11-11","84.43","135.08","22.96","62.49"
"43760","21536793617","2024-11-11","2024-11-11","400.00","629","16.53","63.59"
"43763","21537165493","2024-11-11","2024-11-11","17.75","34.79","31.5","51.02"
"43762","21537118006","2024-11-11","2024-11-11","86.24","132.89","23","64.89"
"43761","21537107622","2024-11-11","2024-11-11","84.43","139","11.49","60.74"
"43764","21537201216","2024-11-11","2024-11-11","72.54","153.08","16.5","47.38"
"43765","21537707121","2024-11-11","2024-11-11","25.08","41.84","28.33","59.94"
"43766","21538028635","2024-11-11","2024-11-11","105.16","159","22.51","66.13"
"43767","21538120899","2024-11-11","2024-11-11","17.75","31.51","31.5","56.33"
"43768","21538188572","2024-11-11","2024-11-11","20.29","39.9","30.02","50.85"
"43769","21538234460","2024-11-11","2024-11-11","9.11","19.94","40.07","45.68"
"43770","21538415011","2024-11-11","2024-11-11","133.01","208.89","21.91","63.67"
"43772","21538911224","2024-11-11","2024-11-11","29.88","39","0","15.95"
"43773","21539103131","2024-11-11","2024-11-11","133.01","208.91","21.91","63.66"
"43774","21539151394","2024-11-11","2024-11-11","27.91","59","0","47.3"
"43775","21539216869","2024-11-11","2024-11-11","14.23","27.89","34.33","51"
"43776","21539338698","2024-11-11","2024-11-11","17.95","31.89","32.53","56.26"
"43777","21539544182","2024-11-11","2024-11-11","16.51","40","0","41.27"
"43778","21539569916","2024-11-11","2024-11-11","113.66","225.8","23.54","50.33"
"43779","21539691981","2024-11-11","2024-11-11","133.01","186.58","21.91","71.28"
"43781","21539799769","2024-11-11","2024-11-11","16.00","1236","0","0.64"
"43782","21540094178","2024-11-11","2024-11-11","31.01","49.99","28","62.03"
"43784","21540139640","2024-11-11","2024-11-11","57.66","94","24.25","61.34"
"43783","21540099316","2024-11-11","2024-11-11","98.60","169","11.5","58.34"
"43785","21540167797","2024-11-11","2024-11-11","23.84","45.99","28.7","51.83"
"43786","21540264157","2024-11-11","2024-11-11","14.23","27.89","34.33","51"
"43787","21540398452","2024-11-11","2024-11-11","6.95","19.98","40.02","34.76"
"43789","21540774842","2024-11-11","2024-11-11","84.43","139","11.49","60.74"
"43790","21541005326","2024-11-11","2024-11-11","5.60","42.06","38.96","26.62"
"43792","21541226330","2024-11-11","2024-11-11","9.11","19.94","40.07","45.68"
"43791","21541213712","2024-11-11","2024-11-11","17.75","34.79","31.5","51.02"
"43793","21541333830","2024-11-11","2024-11-11","14.23","27.89","34.33","51"
"43795","21541606394","2024-11-11","2024-11-11","6.95","24.04","36.63","28.89"
"43794","21541587237","2024-11-11","2024-11-11","31.01","49.99","28","62.03"
"43798","21541715172","2024-11-11","2024-11-11","84.43","135.08","22.96","62.49"
"43797","21541686136","2024-11-11","2024-11-11","105.16","159","22.51","66.13"
"43799","21541796068","2024-11-11","2024-11-11","25.08","47.99","28.33","52.26"
"43800","21542009992","2024-11-11","2024-11-11","29.09","49.99","28","58.19"
"43801","21542120973","2024-11-11","2024-11-11","30.94","46.81","28.52","66.08"
"43803","21542277768","2024-11-11","2024-11-11","175.63","269.7","11.5","65.12"
"43802","21542229037","2024-11-11","2024-11-11","9.11","19.94","40.07","45.68"
"43805","21542389543","2024-11-11","2024-11-11","95.66","297.26","22.69","64.36"
"43804","21542327956","2024-11-11","2024-11-11","133.01","208.08","21.91","63.92"
"43806","21542521950","2024-11-11","2024-11-11","175.63","269.7","11.5","65.12"
"43807","21542610858","2024-11-11","2024-11-11","31.01","79.9","26.65","38.81"
"43809","21542673300","2024-11-11","2024-11-11","9.11","19.82","40.07","45.94"
"43808","21542661140","2024-11-11","2024-11-11","44.83","78.9","25.06","56.81"
"43810","21542762873","2024-11-11","2024-11-11","5.60","21.11","38.93","26.52"
"43813","21543115940","2024-11-11","2024-11-11","14.23","27.89","34.33","51"
"43812","21543103672","2024-11-11","2024-11-11","43.68","72.98","25.48","59.84"
"43811","21543092879","2024-11-11","2024-11-11","65.20","103.01","0","63.28"
"43814","21543541823","2024-11-12","2024-11-12","20.39","39.99","30","50.98"
"43815","21544308387","2024-11-12","2024-11-12","20.39","39.99","30","50.98"
"43816","21544877111","2024-11-12","2024-11-12","63.70","133.3","18","47.78"
"43817","21544907165","2024-11-12","2024-11-12","85.26","130","23.07","65.58"
"43818","21545030628","2024-11-12","2024-11-12","63.70","114","23.5","55.87"
"43819","21545424635","2024-11-12","2024-11-12","17.75","34.79","31.5","51.02"
"43821","21546741614","2024-11-12","2024-11-12","310.00","447","13","69.35"
"43823","21546976419","2024-11-12","2024-11-12","5.94","14.65","47.33","40.51"
"43824","21547279575","2024-11-12","2024-11-12","86.24","132.89","23","64.89"
"43825","21548885274","2024-11-12","2024-11-12","45.46","74.9","25.34","60.69"
"43826","21549013465","2024-11-12","2024-11-12","6.95","24.04","36.63","28.89"
"43827","21549155282","2024-11-12","2024-11-12","72.54","144.44","11.49","50.22"
"43828","21549661159","2024-11-12","2024-11-12","164.08","272.79","22.93","60.14"
"43829","21549795312","2024-11-12","2024-11-12","492.24","1492","11.99","65.98"
"43830","21549831615","2024-11-12","2024-11-12","30.78","68","0","45.26"
"43831","21550275325","2024-11-12","2024-11-12","19.91","38","0","52.39"
"43834","21550504440","2024-11-12","2024-11-12","85.26","129.83","23.07","65.66"
"43835","21550736183","2024-11-12","2024-11-12","63.70","144.89","17.99","43.96"
"43836","21550950848","2024-11-12","2024-11-12","3.03","9","0","33.66"
"43837","21551416795","2024-11-12","2024-11-12","118.30","187","16.4","63.26"
"43839","21551563584","2024-11-12","2024-11-12","110.01","194.99","11.49","56.41"
"43841","21551990954","2024-11-12","2024-11-12","25.61","44","0","29.1"
"43842","21552066144","2024-11-12","2024-11-12","37.55","76.97","18","48.78"
"43843","21552569884","2024-11-12","2024-11-12","13.70","34","0","20.14"
"43844","21552792749","2024-11-12","2024-11-12","65.20","103.01","23.87","63.28"
"43845","21552913582","2024-11-12","2024-11-12","5.37","15.59","49.96","34.44"
"43846","21553699922","2024-11-12","2024-11-12","31.01","47.93","24","64.68"
"43847","21553770251","2024-11-12","2024-11-12","6.95","19.98","40.02","34.76"
"43848","21553887791","2024-11-12","2024-11-12","164.08","272.79","22.93","60.14"
"43849","21553905484","2024-11-12","2024-11-12","6.95","21.98","38.79","31.6"
"43851","21553966498","2024-11-12","2024-11-12","14.23","27.89","34.33","51"
"43852","21554054137","2024-11-12","2024-11-12","77.75","129.89","23.07","59.85"
"43853","21554175511","2024-11-12","2024-11-12","51.94","77.9","20.7","66.67"
"43854","21554248271","2024-11-12","2024-11-12","20.29","39.9","30.02","50.85"
"43856","21555367150","2024-11-13","2024-11-13","9.11","19.94","40.07","45.68"
"43857","21556172895","2024-11-13","2024-11-13","310.00","447","13","69.35"
"43858","21556418188","2024-11-13","2024-11-13","310.00","447","13","69.35"
"43859","21556459226","2024-11-12","2024-11-12","69.75","127.58","13","54.66"
"43861","21556656316","2024-11-13","2024-11-13","59.43","96.4","24.14","61.64"
"43860","21556642031","2024-11-13","2024-11-13","94.39","338","18","55.85"
"43862","21556966872","2024-11-13","2024-11-13","17.75","34.79","31.5","51.02"
"43863","21557314610","2024-11-13","2024-11-13","5.60","21.11","38.93","26.52"
"43864","21557357769","2024-11-13","2024-11-13","8.70","14","0","62.14"
"43865","21557458611","2024-11-13","2024-11-13","310.00","489","17.99","63.39"
"43866","21557575371","2024-11-13","2024-11-13","4.80","15","0","42.36"
"43867","21557865581","2024-11-13","2024-11-13","98.60","535.4","11.49","55.24"
"43871","21558425043","2024-11-13","2024-11-13","14.23","27.89","34.33","51"
"43872","21558558957","2024-11-13","2024-11-13","94.39","155.47","18","60.7"
"43873","21559942743","2024-11-13","2024-11-13","164.08","272.79","22.93","60.14"
"43874","21559999297","2024-11-13","2024-11-13","40.88","67.5","25.94","60.56"
"43875","21560054540","2024-11-13","2024-11-13","63.70","114","23.5","55.87"
"43876","21560377882","2024-11-13","2024-11-13","14.23","27.89","34.33","51"
"43877","21560627351","2024-11-13","2024-11-13","40.88","69.98","25.71","58.4"
"43878","21560781726","2024-11-13","2024-11-13","20.39","39.99","30","50.98"
"43879","21560814328","2024-11-13","2024-11-13","29.74","59.9","0","49.64"
"43880","21560856462","2024-11-13","2024-11-13","290.56","340","0","85.45"
"43881","21561154485","2024-11-13","2024-11-13","112.80","184","22.17","61.3"
"43882","21561364753","2024-11-13","2024-11-13","6.95","24.04","36.63","28.89"
"43883","21561563484","2024-11-13","2024-11-13","10.49","22.5","37.82","46.62"
"43884","21561706062","2024-11-13","2024-11-13","42.97","85","0","50.55"
"43885","21561815228","2024-11-13","2024-11-13","19.47","150","0","18.55"
"43886","21561835226","2024-11-13","2024-11-13","113.66","225.8","23.54","50.33"
"43889","21562264115","2024-11-13","2024-11-13","17.75","34.79","31.5","51.02"
"43888","21562245771","2024-11-13","2024-11-13","72.54","144.44","11.49","50.22"
"43890","21562352680","2024-11-13","2024-11-13","400.00","629","12.99","63.59"
"43892","21562467888","2024-11-13","2024-11-13","20.29","39.9","30.02","50.85"
"43893","21562792276","2024-11-13","2024-11-13","20.39","39.99","30","50.98"
"43894","21562855716","2024-11-13","2024-11-13","84.43","134.94","22.96","62.56"
"43895","21562987447","2024-11-13","2024-11-13","333.00","469","13","71"
"43896","21563159404","2024-11-13","2024-11-13","62.20","102.33","23.85","60.78"
"43897","21563261530","2024-11-13","2024-11-13","6.95","24.04","36.63","28.89"
"43899","21563505015","2024-11-14","2024-11-14","59.43","96.3","24.14","61.7"
"43900","21563912746","2024-11-14","2024-11-14","85.26","130","23.07","65.58"
"43901","21564074626","2024-11-14","2024-11-14","32.60","103.81","24.56","62.8"
"43902","21564721986","2024-11-14","2024-11-14","91.58","175","18","52.33"
"43904","21565164435","2024-11-14","2024-11-14","105.16","159","22.51","66.13"
"43905","21565239927","2024-11-14","2024-11-14","100.08","169","12.99","59.21"
"43906","21566168034","2024-11-14","2024-11-14","36.83","107","0","19.92"
"43907","21567105183","2024-11-14","2024-11-14","17.75","34.75","31.5","51.07"
"43908","21567710564","2024-11-14","2024-11-14","30.61","62.4","0","25.55"
"43910","21568996512","2024-11-14","2024-11-14","5.60","18.98","41.07","29.48"
"43909","21568969361","2024-11-14","2024-11-14","19.90","49","0","40.61"
"43911","21569193440","2024-11-14","2024-11-14","47.40","40","0","29.62"
"43912","21569650521","2024-11-14","2024-11-14","14.23","27.89","34.33","51"
"43913","21569702841","2024-11-14","2024-11-14","113.66","225.8","23.54","50.33"
"43914","21569816395","2024-11-14","2024-11-14","36.32","83","0","10.93"
"43915","21570281604","2024-11-14","2024-11-14","113.66","225.8","23.54","50.33"
"43916","21570565099","2024-11-14","2024-11-14","400.00","629","12.99","63.59"
"43917","21570670759","2024-11-14","2024-11-14","9.11","19.94","40.07","45.68"
"43918","21570698679","2024-11-14","2024-11-14","65.20","103.01","23.87","63.28"
"43919","21570869425","2024-11-14","2024-11-14","6.95","19.98","40.02","34.76"
"43920","21570945040","2024-11-14","2024-11-14","9.11","19.94","40.07","45.68"
"43923","21571020629","2024-11-14","2024-11-14","6.95","19.98","40.02","34.76"
"43924","21571073205","2024-11-14","2024-11-14","94.40","189","11.5","49.94"
"43925","21571136001","2024-11-14","2024-11-14","25.76","42.5","25.62","60.61"
"43926","21571204931","2024-11-14","2024-11-14","115.04","182.91","24.37","62.89"
"43927","21571309156","2024-11-14","2024-11-14","63.70","155.89","13","40.85"
"43928","21571767472","2024-11-15","2024-11-15","10.67","45.97","37.4","46.41"
"43930","21572136065","2024-11-15","2024-11-15","59.43","96.4","24.14","61.64"
"43931","21572266759","2024-11-15","2024-11-15","94.39","155.47","18","60.7"
"43932","21572335797","2024-11-15","2024-11-15","64.04","200.58","23.99","63.85"
"43933","21572400818","2024-11-15","2024-11-15","43.68","100.04","18","43.66"
"43934","21572471226","2024-11-15","2024-11-15","25.48","48.9","28.17","52.1"
"43935","21572515636","2024-11-15","2024-11-15","31.01","47.93","24","64.68"
"43937","21572953310","2024-11-15","2024-11-15","10.49","22.5","37.82","46.62"
"43938","21572976498","2024-11-15","2024-11-15","133.01","229","16.49","58.08"
"43940","21573606711","2024-11-15","2024-11-15","12.19","24.98","36.01","48.77"
"43941","21573632982","2024-11-15","2024-11-15","164.08","545.59","22.93","60.14"
"43942","21573791815","2024-11-15","2024-11-15","105.08","168.97","22.37","62.18"
"43943","21573825754","2024-11-15","2024-11-15","14.23","27.89","34.33","51"
"43944","21573867702","2024-11-15","2024-11-15","31.01","47.93","24","64.68"
"43946","21574112151","2024-11-15","2024-11-15","63.70","234.8","17.99","27.12"
"43947","21574365930","2024-11-15","2024-11-15","86.24",NULL,"22.81","60.6"
"43948","21574387953","2024-11-15","2024-11-15","14.23","27.89","34.33","51"
"43949","21574564961","2024-11-15","2024-11-15","164.08","272.79","22.93","60.14"
"43950","21574624402","2024-11-15","2024-11-15","5.60",NULL,"41.07","29.48"
"43952","21574820826","2024-11-15","2024-11-15","63.70",NULL,"23.5","55.87"
"43954","21574999065","2024-11-15","2024-11-15","9.11",NULL,"40.07","45.68"
"43955","21575109227","2024-11-15","2024-11-15","310.00","447","13","69.35"
"43956","21575345986","2024-11-15","2024-11-15","94.40","189","11.5","49.94"
"43960","21576328202","2024-11-16","2024-11-16","9.11",NULL,"40.07","45.68"
"43962","21576502515","2024-11-16","2024-11-16","45.45",NULL,"25.37","61"
"43961","21576489061","2024-11-16","2024-11-16","24.00","48","0","50"
"43963","21576511721","2024-11-16","2024-11-16","14.23","27.89","34.33","51"
"43964","21576752186","2024-11-16","2024-11-16","146.90","254.89","17.99","57.63"
"43966","21577214952","2024-11-16","2024-11-16","2.85","10","0","9.49"
"43967","21577327022","2024-11-16","2024-11-16","89.62","149","0","30.07"
"43968","21577406596","2024-11-16","2024-11-16","20.39","39.99","30","50.98"
"43969","21577464947","2024-11-16","2024-11-16","1.41","5","0","28.19"
"43970","21577703978","2024-11-16","2024-11-16","7.78","29","0","26.82"
"43971","21577737729","2024-11-16","2024-11-16","10.19","26","0","13.82"
"43972","21577776164","2024-11-16","2024-11-16","15.82","38","0","20.81"
"43973","21577868190","2024-11-16","2024-11-16","19.17","48","0","39.93"
"43974","21577983136","2024-11-16","2024-11-16","175.63","273.97","21.46","64.1"
"43975","21578015223","2024-11-16","2024-11-16","78.47","124","23.22","63.28"
"43976","21578061830","2024-11-16","2024-11-16","44.83","78.9","25.06","56.81"
"43977","21578561161","2024-11-16","2024-11-16","220.00","364.7","11.49","60.32"
"43979","21578626894","2024-11-16","2024-11-16","113.66","225.8","23.54","50.33"
"43978","21578617151","2024-11-16","2024-11-16","105.16","159","22.51","66.13"
"43981","21578671087","2024-11-16","2024-11-16","81.28","142.61","13","56.99"
"43980","21578668298","2024-11-16","2024-11-16","110.01","194.99","11.49","56.41"
"43983","21579008049","2024-11-16","2024-11-16","110.01","194.99","11.49","56.41"
"43982","21578979910","2024-11-16","2024-11-16","31.01","49.99","28","62.03"
"43984","21579163438","2024-11-16","2024-11-16","37.55","69.81","25.72","53.78"
"43986","21579283108","2024-11-16","2024-11-16","164.08","272.79","22.93","60.14"
"43987","21579769693","2024-11-16","2024-11-16","26.17","72.08","18","36.3"
"43988","21579817223","2024-11-16","2024-11-16","84.43","135.08","22.96","62.49"
"43989","21579822420","2024-11-16","2024-11-16","10.67","106.69","39.59","50"
"43990","21579857227","2024-11-16","2024-11-16","28.42","52.9","27.56","53.72"
"43992","21580093900","2024-11-17","2024-11-17","28.42","52.9","27.56","53.72"
"43993","21580618396","2024-11-17","2024-11-17","175.63","269.7","11.5","65.12"
"43994","21580672321","2024-11-17","2024-11-17","86.24","132.89","23","64.89"
"43996","21580738975","2024-11-17","2024-11-17","153.98","259.89","21.53","59.24"
"43870","21558171058","2024-11-11","2024-11-11","14.23","27.89","34.33","51"
"43869","21558170001","2024-11-11","2024-11-11","44.83","78.88","25.06","56.82"
"43868","21558167454","2024-11-11","2024-11-11","77.75","129.89","23.07","59.85"
"43998","21580802634","2024-11-17","2024-11-17","105.16","157.6","11.5","66.72"
"43999","21580927977","2024-11-17","2024-11-17","9.11","19.84","40.07","45.91"
"44000","21580984823","2024-11-17","2024-11-17","164.08","272.79","22.93","60.14"
"44001","21581353861","2024-11-17","2024-11-17","25.76","42.5","25.62","60.61"
"44002","21581946348","2024-11-17","2024-11-17","191.27","215.8","17.99","44.31"
"44004","21582029293","2024-11-17","2024-11-17","6.95","24.04","36.63","28.89"
"44003","21582028587","2024-11-17","2024-11-17","17.75","34.79","31.5","51.02"
"44005","21582642667","2024-11-17","2024-11-17","63.70","155.89","13","40.85"
"44006","21582822003","2024-11-17","2024-11-17","54.00","157.97","20.59","68.36"
"44008","21583140405","2024-11-17","2024-11-17","43.68","96.62","17.99","45.2"
"44007","21583140054","2024-11-17","2024-11-17","116.27","190.78","17.99","30.47"
"44010","21583555805","2024-11-17","2024-11-17","9.11","59.81","40.07","45.68"
"44011","21584262620","2024-11-17","2024-11-17","48.53","93","16.49","52.18"
"44013","21584334337","2024-11-18","2024-11-18","31.01","49.99","28","62.03"
"44012","21584315907","2024-11-18","2024-11-18","19.90","73.98","30.81","53.79"
"44014","21584434084","2024-11-18","2024-11-18","95.66","297.26","22.69","64.36"
"44015","21585271934","2024-11-18","2024-11-18","12.00","31.89","32.53","37.61"
"44018","21587478308","2024-11-18","2024-11-18","17.99","34.79","31.5","51.71"
"44019","21587542697","2024-11-18","2024-11-18","77.75","129.89","23.07","59.85"
"44020","21588560255","2024-11-18","2024-11-18","16.90","44","0","38.4"
"44021","21589747244","2024-11-18","2024-11-18","26.19","60","0","10.91"
"44022","21590171214","2024-11-18","2024-11-18","14.23","27.75","34.33","51.27"
"44023","21590217034","2024-11-17","2024-11-17","310.00","447","13","69.35"
"44026","21590758903","2024-11-18","2024-11-18","14.23","17.89","34.33","79.49"
"44028","21591088647","2024-11-18","2024-11-18","17.75","34.79","31.5","51.02"
"44029","21591221323","2024-11-18","2024-11-18","12.00","31.89","32.53","37.61"
"44030","21591689852","2024-11-18","2024-11-18","59.43","96.3","24.14","61.71"
"44031","21591763224","2024-11-18","2024-11-18","290.56","947.79","13","61.31"
"44033","21591995922","2024-11-18","2024-11-18","10.49","22.5","37.82","46.62"
"44035","21592442546","2024-11-18","2024-11-18","20.17","78","0","12.92"
"44034","21592438982","2024-11-18","2024-11-18","32.60","57.7","26.93","56.49"
"44036","21592650755","2024-11-18","2024-11-18","23.84","43.99","26.64","54.19"
"44038","21592855447","2024-11-18","2024-11-18","31.01","79.9","16.49","38.81"
"44037","21592814896","2024-11-18","2024-11-18","6.95","21.98","38.79","31.6"
"44039","21593184889","2024-11-18","2024-11-18","21.10","113.8","17.99","37.08"
"44040","21593280876","2024-11-18","2024-11-18","1266.79","1749","10.99","72.42"
"44041","21593502087","2024-11-18","2024-11-18","17.99","34.5","31.5","52.12"
"44042","21593570528","2024-11-18","2024-11-18","14.23","27.89","34.33","51"
"44043","21593733163","2024-11-18","2024-11-18","5.60","21.11","38.93","26.52"
"44044","21593781694","2024-11-18","2024-11-18","5.60","18.98","41.07","29.48"
"44045","21593836398","2024-11-18","2024-11-18","51.94","77.48","20.73","67.02"
"44046","21593852752","2024-11-18","2024-11-18","65.20","103.01","23.87","63.28"
"44047","21594172958","2024-11-18","2024-11-18","110.01","194.99","11.49","56.41"
"44048","21594399169","2024-11-18","2024-11-18","5.60","21.1","38.93","26.54"
"44049","21594442924","2024-11-18","2024-11-18","28.42","49.9","23.52","56.95"
"44050","21594516135","2024-11-18","2024-11-18","32.60","57.5","26.93","56.68"
"44051","21594650230","2024-11-18","2024-11-18","133.01","209","21.91","63.64"
"44053","21594804579","2024-11-19","2024-11-19","10.67","22.98","37.4","46.41"
"44052","21594797523","2024-11-19","2024-11-19","22.03","46.95","28.51","46.92"
"44054","21595300146","2024-11-19","2024-11-19","14.23","27.89","34.33","51"
"44055","21596397661","2024-11-19","2024-11-19","5.60","18.98","41.07","29.48"
"44056","21597084051","2024-11-19","2024-11-19","14.23","27.89","34.33","51"
"44057","21597588453","2024-11-19","2024-11-19","43.84","74.98","25.33","58.46"
"44059","21597690256","2024-11-19","2024-11-19","31.01","49.99","28","62.03"
"44058","21597651915","2024-11-19","2024-11-19","17.75","33.54","29.38","52.9"
"44060","21597781896","2024-11-19","2024-11-19","85.26","130","23.07","65.58"
"44061","21598157507","2024-11-19","2024-11-19","44.83","78.9","25.06","56.81"
"44063","21598247388","2024-11-19","2024-11-19","12.00","31.89","32.53","37.61"
"44062","21598227173","2024-11-19","2024-11-19","133.01","229.16","18","58.04"
"44064","21598474001","2024-11-19","2024-11-19","1266.79","1749","10.99","72.42"
"44067","21598803448","2024-11-19","2024-11-19","5.60","19.98","41.52","28.01"
"44066","21598789627","2024-11-19","2024-11-19","51.94","77.48","20.73","67.02"
"44069","21599237304","2024-11-19","2024-11-19","27.20","47.99","24","56.67"
"44068","21599227533","2024-11-19","2024-11-19","25.20","49","0","51.42"
"44070","21599442498","2024-11-19","2024-11-19","25.20","43.38","29.22","58.07"
"44071","21599795980","2024-11-19","2024-11-19","85.26","130","23.07","65.58"
"44072","21599915017","2024-11-19","2024-11-19","492.24","746","11.99","65.98"
"44073","21599962308","2024-11-19","2024-11-19","48.53","186","16.49","52.18"
"44074","21600370949","2024-11-19","2024-11-19","100.08","169","12.99","59.21"
"44075","21600515474","2024-11-19","2024-11-19","94.40","189","11.5","49.94"
"44076","21600728120","2024-11-19","2024-11-19","3.03","18","0","33.66"
"44078","21600762108","2024-11-19","2024-11-19","85.26","142.6","18","59.78"
"44077","21600761093","2024-11-19","2024-11-19","29.09","61.81","18","47.05"
"44079","21600990856","2024-11-19","2024-11-19","20.39","45","0","45.31"
"44080","21601270908","2024-11-19","2024-11-19","63.70","155.89","13","40.85"
"44081","21601599444","2024-11-19","2024-11-19","10.49","22.5","37.82","46.62"
"44082","21601659704","2024-11-19","2024-11-19","10.23","22","0","23.25"
"44083","21601769800","2024-11-19","2024-11-19","85.26","130","23.07","65.58"
"44086","21602365241","2024-11-19","2024-11-19","157.08","238.94","21.6","65.73"
"44087","21602587753","2024-11-19","2024-11-19","95.61","149.77","22.66","63.83"
"44088","21602610278","2024-11-19","2024-11-19","29.48","54.9","22.42","53.69"
"44090","21602657769","2024-11-19","2024-11-19","25.20","43.38","29.22","58.07"
"44094","21602744411","2024-11-19","2024-11-19","91.58","175","18","52.33"
"44093","21602741833","2024-11-19","2024-11-19","103.00","184.67","17.99","55.77"
"44092","21602733164","2024-11-19","2024-11-19","14.23","27.89","34.33","51"
"44096","21602769247","2024-11-19","2024-11-19","91.58","175","18","52.33"
"44095","21602762963","2024-11-19","2024-11-19","91.58","175","18","52.33"
"44097","21602824895","2024-11-19","2024-11-19","9.11","14.96","40.07","60.89"
"44098","21602906665","2024-11-19","2024-11-19","23.84","43.99","26.64","54.19"
"44099","21603032675","2024-11-19","2024-11-19","85.26","130","23.07","65.58"
"44100","21603115023","2024-11-19","2024-11-19","5.60","18.98","41.07","29.48"
"44101","21603300920","2024-11-19","2024-11-19","7.91","18.5","41.67","42.75"
"44102","21603317959","2024-11-19","2024-11-19","14.23","27.89","34.33","51"
"44103","21603398912","2024-11-19","2024-11-19","86.24","142.3","22.81","60.6"
"44104","21603435954","2024-11-19","2024-11-19","94.40","189","11.5","49.94"
"44105","21604215648","2024-11-20","2024-11-20","84.43","139","11.49","60.74"
"44107","21604605270","2024-11-20","2024-11-20","77.75","129.89","23.07","59.85"
"44108","21604874710","2024-11-20","2024-11-20","95.61","149.77","22.66","63.83"
"44109","21604903977","2024-11-20","2024-11-20","94.40","189","11.5","49.94"
"44110","21604972047","2024-11-20","2024-11-20","98.43","154","22.59","63.91"
"44111","21605314148","2024-11-20","2024-11-20","31.01","49.99","28","62.03"
"44112","21605442710","2024-11-20","2024-11-20","310.00","447","13","69.35"
"44113","21605473049","2024-11-20","2024-11-20","9.11","19.34","40.07","47.1"
"44114","21605534122","2024-11-20","2024-11-20","65.20","103.01","23.87","63.28"
"44116","21605933804","2024-11-20","2024-11-20","14.23","27.87","34.33","51.05"
"44117","21605984281","2024-11-20","2024-11-20","110.01","194.99","11.49","56.41"
"44118","21606191381","2024-11-20","2024-11-20","113.66","225.8","23.54","50.33"
"44121","21606343639","2024-11-20","2024-11-20","133.32","209.3","23.81","63.69"
"44120","21606337465","2024-11-20","2024-11-20","25.20","43.38","29.22","58.07"
"44123","21606495798","2024-11-20","2024-11-20","77.75","129.89","23.07","59.85"
"44124","21606626621","2024-11-20","2024-11-20","310.00","1341","13","69.35"
"44126","21606666823","2024-11-20","2024-11-20","310.00","447","13","69.35"
"44127","21607034705","2024-11-20","2024-11-20","31.01","49.99","28","62.03"
"44129","21607121027","2024-11-20","2024-11-20","308.00","1984","13","62.09"
"44130","21607123723","2024-11-20","2024-11-20","308.00","1984","13","62.09"
"44131","21607225543","2024-11-20","2024-11-20","17.99","34.79","31.5","51.71"
"44132","21607516047","2024-11-20","2024-11-20","9.11","19.94","40.07","45.68"
"44133","21607596803","2024-11-20","2024-11-20","11.21","24.98","36.01","44.85"
"44135","21607956145","2024-11-20","2024-11-20","112.80","184","22.17","61.3"
"44136","21608135138","2024-11-20","2024-11-20","95.61","149.77","22.66","63.83"
"44137","21608434820","2024-11-20","2024-11-20","310.00","447","13","69.35"
"44138","21608793318","2024-11-20","2024-11-20","9.11","19.94","40.07","45.68"
"44140","21609035083","2024-11-20","2024-11-20","77.75","129.89","23.07","59.85"
"44141","21609068149","2024-11-20","2024-11-20","164.08","272.79","22.93","60.14"
"44142","21609078066","2024-11-20","2024-11-20","31.01","79.9","16.49","38.81"
"44143","21609227221","2024-11-21","2024-11-21","48.53","69","25.79","70.33"
"44144","21609547697","2024-11-21","2024-11-21","157.08","259.89","11.5","60.43"
"44145","21609586290","2024-11-21","2024-11-21","37.30","60.02","27.99","62.14"
"44147","21609870156","2024-11-21","2024-11-21","105.16","158","22.51","66.55"
"44148","21609954183","2024-11-21","2024-11-21","65.20","103.01","23.87","63.28"
"44149","21610168061","2024-11-21","2024-11-21","310.00","447","13","69.35"
"44150","21611220732","2024-11-21","2024-11-21","49.45","83.44","25.88","29.62"
"44151","21611316737","2024-11-21","2024-11-21","94.40","189","11.5","49.94"
"44152","21611932338","2024-11-21","2024-11-21","46.90","89","0","52.69"
"44153","21612111244","2024-11-21","2024-11-21","310.00","447","13","69.35"
"44154","21612542232","2024-11-21","2024-11-21","100.08","169","12.99","59.21"
"44155","21612602948","2024-11-21","2024-11-21","19.17","48","0","39.93"
"44156","21613071546","2024-11-21","2024-11-21","17.75","33.54","29.38","52.9"
"44157","21613168046","2024-11-21","2024-11-21","7.22","38","0","19"
"44158","21613205361","2024-11-21","2024-11-21","51.94","77.48","20.73","67.02"
"44159","21613361883","2024-11-21","2024-11-21","63.70","155.89","13","40.85"
"44160","21613521436","2024-11-21","2024-11-21","16.00","32.77","32.13","48.82"
"44161","21613839354","2024-11-21","2024-11-21","17.75","26.1","31.5","68"
"44163","21613965995","2024-11-21","2024-11-21","133.32","209.8","23.81","63.54"
"44162","21613963933","2024-11-21","2024-11-21","100.08","185.5","17.99","53.95"
"44164","21614218679","2024-11-21","2024-11-21","113.66","185.8","23.54","61.17"
"44165","21614309311","2024-11-21","2024-11-21","192.13","355.34","23.37","27.03"
"44166","21614748945","2024-11-21","2024-11-21","84.43","158.72","17.99","53.19"
"44167","21614758644","2024-11-21","2024-11-21","51.94","77.48","20.73","67.02"
"44168","21614833055","2024-11-21","2024-11-21","25.20","84.95","27.11","59.32"
"44169","21615192634","2024-11-21","2024-11-21","3.60","8","0","44.99"
"44171","21615257194","2024-11-21","2024-11-21","14.23","27.89","34.33","51"
"44172","21615379666","2024-11-21","2024-11-21","17.75","33.54","29.38","52.9"
"44173","21615513056","2024-11-21","2024-11-21","5.60","18.98","41.07","29.48"
"44174","21615812494","2024-11-21","2024-11-21","310.00","447","13","69.35"
"44175","21616176977","2024-11-21","2024-11-21","29.74","59.9","0","49.64"
"44176","21616380959","2024-11-21","2024-11-21","310.00","447","13","69.35"
"44177","21616451368","2024-11-21","2024-11-21","0.32","2.5","0","12.79"
"44178","21616487955","2024-11-21","2024-11-21","3.18","7","0","45.42"
"44179","21616582433","2024-11-21","2024-11-21","14.23","27.89","34.33","51"
"44180","21616996367","2024-11-21","2024-11-21","310.00","447","13","69.35"
"44181","21617332297","2024-11-21","2024-11-21","77.75","129.89","23.07","59.85"
"44182","21617347677","2024-11-21","2024-11-21","84.43","139","11.49","60.74"
"44184","21617501333","2024-11-21","2024-11-21","85.26","130","23.07","65.58"
"44183","21617499697","2024-11-21","2024-11-21","86.24","132.89","23","64.89"
"44185","21617683077","2024-11-21","2024-11-21","37.30","61.5","26.52","60.65"
"44187","21617765500","2024-11-21","2024-11-21","19.41","32","30.81","60.65"
"44188","21617968950","2024-11-21","2024-11-21","113.66","225.8","23.54","50.33"
"44189","21617995945","2024-11-21","2024-11-21","310.00","447","13","69.35"
"44190","21618096215","2024-11-21","2024-11-21","9.11","19.94","40.07","45.68"
"44191","21618238992","2024-11-21","2024-11-21","91.58","183.16","18","50"
"44193","21618340912","2024-11-21","2024-11-21","14.23","27.89","34.33","51"
"44194","21619348154","2024-11-22","2024-11-22","9.11","19.94","40.07","45.68"
"44195","21619842199","2024-11-22","2024-11-22","164.08","272.51","22.93","60.2"
"44197","21620010275","2024-11-22","2024-11-22","43.68","72.98","25.48","59.84"
"44196","21620004698","2024-11-22","2024-11-22","20.29","39.9","30.02","50.85"
"44198","21620286503","2024-11-22","2024-11-22","94.39","639.59","13","59.03"
"44199","21621004337","2024-11-22","2024-11-22","113.66","185.8","23.54","61.17"
"44200","21621166093","2024-11-22","2024-11-22","423.20","499","10.99","84.8"
"44201","21621258695","2024-11-22","2024-11-22","1275.26","2090","18","61.01"
"44202","21621395310","2024-11-22","2024-11-22","23.84","43.99","26.64","54.19"
"44204","21621591534","2024-11-22","2024-11-22","40.40","389.39","22.24","62.24"
"44206","21622283035","2024-11-22","2024-11-22","17.83","32.47","32.3","54.91"
"44207","21622375422","2024-11-22","2024-11-22","20.17","69","0","14.61"
"44208","21622864250","2024-11-22","2024-11-22","25.48","48.9","28.17","52.1"
"44209","21622999090","2024-11-22","2024-11-22","84.43","135","22.96","62.53"
"44210","21623177577","2024-11-22","2024-11-22","84.43","135.08","22.96","62.49"
"44211","21623593151","2024-11-22","2024-11-22","100.08","169","12.99","59.21"
"44212","21623758640","2024-11-22","2024-11-22","29.47","75","0","12"
"44213","21623794485","2024-11-22","2024-11-22","95.61","449.3","22.67","63.83"
"44214","21624181384","2024-11-22","2024-11-22","46.90","89","0","52.69"
"44215","21624266831","2024-11-22","2024-11-22","1.55","5","0","30.99"
"44216","21624317891","2024-11-22","2024-11-22","6.95","19.98","40.02","34.76"
"44217","21624443393","2024-11-22","2024-11-22","14.23","27.89","34.33","51"
"44219","21624573559","2024-11-22","2024-11-22","310.00","447","13","69.35"
"44218","21624566532","2024-11-22","2024-11-22","72.54","109.52","11.25","66.22"
"44221","21624674404","2024-11-22","2024-11-22","70.90","140","0","16.88"
"44220","21624656032","2024-11-22","2024-11-22","1.41","10","0","28.19"
"44222","21625042372","2024-11-22","2024-11-22","17.75","34.79","31.5","51.02"
"44223","21625259838","2024-11-22","2024-11-22","77.75","129.89","23.07","59.85"
"44224","21625337727","2024-11-22","2024-11-22","310.00","447","13","69.35"
"44226","21625881284","2024-11-22","2024-11-22","14.23","27.89","34.33","51"
"44227","21626286891","2024-11-22","2024-11-22","14.23","27.89","34.33","51"
"44229","21626581167","2024-11-22","2024-11-22","9.11","19.94","40.07","45.68"
"44230","21626636350","2024-11-22","2024-11-22","43.84","66","20.59","66.42"
"44231","21626812572","2024-11-22","2024-11-22","12.00","34","29.14","35.29"
"44232","21627110309","2024-11-23","2024-11-23","14.23","27.89","34.33","51"
"44233","21627157861","2024-11-23","2024-11-23","100.08","169","12.99","59.21"
"44234","21627231879","2024-11-23","2024-11-23","14.23","27.89","34.33","51"
"44235","21627321808","2024-11-23","2024-11-23","85.26","130","23.07","65.58"
"44236","21627515523","2024-11-23","2024-11-23","310.00","447","13","69.35"
"44237","21627633291","2024-11-23","2024-11-23","63.70","224.8","17.99","28.33"
"44238","21627757352","2024-11-23","2024-11-23","95.66","148.63","22.68","64.36"
"44239","21627840253","2024-11-23","2024-11-23","1232.01","1799","12.99","68.48"
"44241","21628615461","2024-11-23","2024-11-23","48.53","93","16.49","52.18"
"44242","21628621109","2024-11-23","2024-11-23","84.43","139","11.49","60.74"
"44244","21628753329","2024-11-23","2024-11-23","12.05","25","0","24.09"
"44243","21628748592","2024-11-23","2024-11-23","7.42","18","0","41.22"
"44246","21628965025","2024-11-23","2024-11-23","112.80","367.72","22.17","61.35"
"44248","21629024675","2024-11-23","2024-11-23","1.93","5","0","38.59"
"44249","21629180986","2024-11-23","2024-11-23","37.75","74.9","0","50.4"
"44251","21629223075","2024-11-23","2024-11-23","17.51","50","0","17.51"
"44250","21629215411","2024-11-23","2024-11-23","8.87","18","0","49.27"
"44252","21629346336","2024-11-23","2024-11-23","265.51","390","0","22.69"
"44253","21629832356","2024-11-23","2024-11-23","113.66","222.17","23.54","51.15"
"44254","21629922438","2024-11-23","2024-11-23","84.43","135.08","22.96","62.49"
"44255","21630087114","2024-11-23","2024-11-23","5.60","18.87","41.07","29.66"
"44256","21630294270","2024-11-23","2024-11-23","6.95","19.98","40.02","34.76"
"44258","21630413065","2024-11-23","2024-11-23","105.16","159","22.51","66.13"
"44257","21630410542","2024-11-23","2024-11-23","14.23","27.89","34.33","51"
"44260","21630525796","2024-11-23","2024-11-23","16.00","32.99","32.13","48.49"
"44259","21630517553","2024-11-23","2024-11-23","77.75","129.89","23.07","59.85"
"44261","21630649623","2024-11-23","2024-11-23","95.66","111.48","22.68","85.8"
"44262","21630863628","2024-11-23","2024-11-23","10.49","22.5","37.82","46.62"
"44263","21631010750","2024-11-23","2024-11-23","31.01","79.9","16.49","38.81"
"44264","21631060183","2024-11-23","2024-11-23","14.23","27.89","34.33","51"
"44265","21631636936","2024-11-24","2024-11-24","310.00","447","13","69.35"
"44266","21631689708","2024-11-24","2024-11-24","14.23","27.89","34.33","51"
"44267","21632126551","2024-11-24","2024-11-24","14.23","27.89","34.33","51"
"44268","21632225225","2024-11-24","2024-11-24","78.47","143.69","17","54.6"
"44269","21632485104","2024-11-24","2024-11-24","65.20","103.01","23.87","63.28"
"44270","21632520389","2024-11-24","2024-11-24","17.99","34.79","31.5","51.71"
